,CID,LAC,NetworkGen,NetworkType,NumRaces,NumUsers,Power,laccid,quality,race_id,ratio,segment,segment_end_id,segment_start_id,coeffs,controls,method,maxCorrMinDelta
33,370,7736,2G,EDGE,2,2,-106.0,7736-370,0.83,1435914799,0.449012099883,073-074,74,73,0.983900831168,1.0,byCorr,1.0
48,1000,7736,2G,EDGE,2,2,-103.0,7736-1000,0.76,1435916431,0.318709250659,099-100,100,99,0.98851584414,1.0,byCorr,1.0
67,1010,7736,2G,EDGE,2,2,-107.0,7736-1010,0.96,1435915883,0.409645392961,100-099,99,100,0.844992759095,1.0,byCorr,1.0
366,1020,7736,2G,EDGE,2,2,-108.0,7736-1020,0.87,1435915698,0.235659064943,101-100,100,101,0.996728242128,1.0,byCorr,1.0
